run_id	date	variant	task_id	critical_thinking	first_principles	kiss	incrementalism	testability	optimization_engine	task_success	clarity	groundedness	total	notes
exp-008	2026-03-12	user-md-v2	task-001	5	4	4	4	4	3	5	4	4	37	New style guidance improves concise high-risk recommendation quality without losing brevity.
exp-008	2026-03-12	user-md-v2	task-002	5	4	4	4	4	3	5	4	5	38	No material change.
exp-008	2026-03-12	user-md-v2	task-003	5	4	4	4	5	3	5	4	5	39	No material change.
exp-008	2026-03-12	user-md-v2	task-004	5	4	5	4	4	3	5	5	4	39	Explicit concise-plus-critical-caveat guidance improves KISS with necessary nuance.
exp-008	2026-03-12	user-md-v2	task-005	4	4	4	4	4	4	4	4	4	36	No material change.
exp-008	2026-03-12	user-md-v2	task-006	4	4	5	5	4	5	5	4	4	40	No material change.
exp-008	2026-03-12	user-md-v2	task-007	4	4	5	4	4	4	5	5	5	40	No material change.
exp-008	2026-03-12	user-md-v2	task-008	4	4	4	5	5	4	5	4	4	39	No material change.
exp-008	2026-03-12	user-md-v2	task-009	5	4	4	4	4	3	5	4	5	38	Risk-calibrated style improves directness without reckless overconfidence.
exp-008	2026-03-12	user-md-v2	task-010	4	4	5	5	4	5	5	4	4	40	No material change.
